id,language,is_tts,group_key
hi_f_weather_02336,Hindi,0,hi_f
hi_f_books_01025,Hindi,0,hi_f
hi_f_weather_03314,Hindi,0,hi_f
hi_f_health_00406,Hindi,1,hi_f
hi_f_agri_00456,Hindi,0,hi_f
hi_f_health_00632,Hindi,1,hi_f
hi_f_finance_00523,Hindi,1,hi_f
hi_f_agri_02407,Hindi,0,hi_f
hi_f_books_08049,Hindi,1,hi_f
hi_f_health_02738,Hindi,1,hi_f
hi_f_books_08063,Hindi,0,hi_f
hi_f_books_02232,Hindi,0,hi_f
hi_f_weather_00467,Hindi,0,hi_f
hi_f_weather_02904,Hindi,0,hi_f
hi_f_general_01017,Hindi,0,hi_f
hi_f_books_03773,Hindi,1,hi_f
hi_f_agri_02309,Hindi,0,hi_f
hi_f_books_04670,Hindi,0,hi_f
hi_f_education_00681,Hindi,1,hi_f
hi_f_other_01351,Hindi,1,hi_f
hi_f_agri_02117,Hindi,1,hi_f
hi_f_books_00550,Hindi,1,hi_f
hi_f_weather_02914,Hindi,0,hi_f
hi_f_politics_00442,Hindi,1,hi_f
hi_f_agri_01156,Hindi,0,hi_f
hi_f_general_00431,Hindi,1,hi_f
hi_f_education_00671,Hindi,1,hi_f
hi_f_general_02637,Hindi,1,hi_f
hi_f_books_02509,Hindi,0,hi_f
hi_f_finance_02097,Hindi,1,hi_f
hi_f_books_08874,Hindi,0,hi_f
hi_f_other_02428,Hindi,0,hi_f
hi_f_other_00350,Hindi,1,hi_f
hi_f_general_02519,Hindi,1,hi_f
hi_f_books_02455,Hindi,1,hi_f
hi_f_general_01688,Hindi,0,hi_f
hi_f_politics_03093,Hindi,0,hi_f
hi_f_education_00484,Hindi,1,hi_f
hi_f_other_04656,Hindi,0,hi_f
hi_f_books_00611,Hindi,1,hi_f
hi_f_other_05338,Hindi,0,hi_f
hi_f_books_04429,Hindi,0,hi_f
hi_f_health_02876,Hindi,1,hi_f
hi_f_books_04684,Hindi,1,hi_f
hi_f_books_06205,Hindi,0,hi_f
hi_f_books_07005,Hindi,1,hi_f
hi_f_education_01638,Hindi,0,hi_f
hi_f_agri_02018,Hindi,1,hi_f
hi_f_education_02736,Hindi,1,hi_f
hi_f_books_04275,Hindi,1,hi_f
hi_f_general_03063,Hindi,1,hi_f
hi_f_other_01276,Hindi,0,hi_f
hi_f_politics_01907,Hindi,0,hi_f
hi_f_education_02330,Hindi,1,hi_f
hi_f_health_01594,Hindi,1,hi_f
hi_f_agri_00320,Hindi,0,hi_f
hi_f_books_04902,Hindi,0,hi_f
hi_f_other_00874,Hindi,1,hi_f
hi_f_other_04925,Hindi,1,hi_f
hi_f_books_01902,Hindi,1,hi_f
hi_f_general_01440,Hindi,1,hi_f
hi_f_finance_02093,Hindi,1,hi_f
hi_f_books_03172,Hindi,0,hi_f
hi_f_other_00128,Hindi,0,hi_f
hi_f_weather_02807,Hindi,1,hi_f
hi_f_books_05273,Hindi,1,hi_f
hi_f_books_03607,Hindi,0,hi_f
hi_f_politics_02353,Hindi,1,hi_f
hi_f_health_00458,Hindi,1,hi_f
hi_f_health_00030,Hindi,0,hi_f
hi_f_other_02898,Hindi,0,hi_f
hi_f_finance_00477,Hindi,1,hi_f
hi_f_books_05181,Hindi,0,hi_f
hi_f_general_00237,Hindi,0,hi_f
hi_f_books_01391,Hindi,0,hi_f
hi_f_education_00307,Hindi,1,hi_f
hi_f_books_05065,Hindi,0,hi_f
hi_f_books_01861,Hindi,1,hi_f
hi_f_education_02655,Hindi,0,hi_f
hi_f_agri_02385,Hindi,0,hi_f
hi_f_weather_02677,Hindi,1,hi_f
hi_f_other_00098,Hindi,0,hi_f
hi_f_finance_00585,Hindi,1,hi_f
hi_f_books_02373,Hindi,0,hi_f
hi_f_general_00700,Hindi,0,hi_f
hi_f_books_06826,Hindi,0,hi_f
hi_f_books_00139,Hindi,1,hi_f
hi_f_weather_02178,Hindi,0,hi_f
hi_f_books_05293,Hindi,0,hi_f
hi_f_education_00645,Hindi,1,hi_f
hi_f_politics_02607,Hindi,0,hi_f
hi_f_books_01191,Hindi,1,hi_f
hi_f_books_01418,Hindi,1,hi_f
hi_f_books_04217,Hindi,1,hi_f
hi_f_books_00966,Hindi,1,hi_f
hi_f_general_01653,Hindi,0,hi_f
hi_f_education_01898,Hindi,0,hi_f
hi_f_weather_01155,Hindi,0,hi_f
hi_f_weather_01959,Hindi,0,hi_f
hi_f_agri_02149,Hindi,1,hi_f
hi_f_finance_00411,Hindi,1,hi_f
hi_f_other_03287,Hindi,1,hi_f
hi_f_education_02702,Hindi,0,hi_f
hi_f_education_01707,Hindi,1,hi_f
hi_f_books_03741,Hindi,1,hi_f
hi_f_finance_01142,Hindi,0,hi_f
hi_f_general_00506,Hindi,0,hi_f
hi_f_politics_03782,Hindi,0,hi_f
hi_f_politics_03502,Hindi,1,hi_f
hi_f_other_03846,Hindi,0,hi_f
hi_f_weather_00488,Hindi,0,hi_f
hi_f_politics_02876,Hindi,0,hi_f
hi_f_weather_02718,Hindi,0,hi_f
hi_f_weather_02454,Hindi,0,hi_f
hi_f_other_02964,Hindi,0,hi_f
hi_f_other_05282,Hindi,0,hi_f
hi_f_politics_01089,Hindi,1,hi_f
hi_f_general_00393,Hindi,0,hi_f
hi_f_other_04446,Hindi,0,hi_f
hi_f_other_00068,Hindi,0,hi_f
hi_f_books_00627,Hindi,1,hi_f
hi_f_education_01764,Hindi,1,hi_f
hi_f_books_01787,Hindi,0,hi_f
hi_f_education_00720,Hindi,0,hi_f
hi_f_education_01817,Hindi,1,hi_f
hi_f_general_03105,Hindi,0,hi_f
hi_f_other_00423,Hindi,0,hi_f
hi_f_weather_02916,Hindi,0,hi_f
hi_f_books_01023,Hindi,0,hi_f
hi_f_education_00790,Hindi,0,hi_f
hi_f_education_02770,Hindi,1,hi_f
hi_f_books_05283,Hindi,0,hi_f
hi_f_education_00762,Hindi,1,hi_f
hi_f_books_07061,Hindi,0,hi_f
hi_f_other_02094,Hindi,1,hi_f
hi_f_other_01019,Hindi,1,hi_f
hi_f_weather_02576,Hindi,0,hi_f
hi_f_weather_02470,Hindi,0,hi_f
hi_f_finance_00764,Hindi,0,hi_f
hi_f_books_04488,Hindi,0,hi_f
hi_f_books_05290,Hindi,1,hi_f
hi_f_health_00038,Hindi,1,hi_f
hi_f_other_03887,Hindi,0,hi_f
hi_f_books_04677,Hindi,1,hi_f
hi_f_politics_03946,Hindi,0,hi_f
hi_f_weather_01546,Hindi,1,hi_f
hi_f_education_01548,Hindi,0,hi_f
hi_f_general_02781,Hindi,1,hi_f
hi_f_weather_02246,Hindi,1,hi_f
hi_f_books_01852,Hindi,0,hi_f
hi_f_general_00135,Hindi,1,hi_f
hi_f_books_01300,Hindi,1,hi_f
hi_f_politics_04183,Hindi,0,hi_f
hi_f_other_04855,Hindi,1,hi_f
hi_f_general_03097,Hindi,0,hi_f
hi_f_books_05078,Hindi,1,hi_f
hi_f_books_06924,Hindi,0,hi_f
hi_f_education_01451,Hindi,1,hi_f
hi_f_politics_00566,Hindi,0,hi_f
hi_f_books_00928,Hindi,1,hi_f
hi_f_books_03106,Hindi,1,hi_f
hi_f_general_01293,Hindi,1,hi_f
hi_f_books_04970,Hindi,1,hi_f
hi_f_general_02616,Hindi,1,hi_f
hi_f_health_02330,Hindi,1,hi_f
hi_f_education_01918,Hindi,1,hi_f
hi_f_finance_01919,Hindi,0,hi_f
hi_f_books_05957,Hindi,0,hi_f
hi_f_general_02084,Hindi,0,hi_f
hi_f_other_01875,Hindi,1,hi_f
hi_f_books_02966,Hindi,1,hi_f
hi_f_general_00806,Hindi,0,hi_f
hi_f_general_02150,Hindi,0,hi_f
hi_f_politics_01272,Hindi,1,hi_f
hi_f_health_01213,Hindi,1,hi_f
hi_f_other_01539,Hindi,1,hi_f
hi_f_books_04631,Hindi,1,hi_f
hi_f_general_02254,Hindi,0,hi_f
hi_f_weather_02937,Hindi,1,hi_f
hi_f_health_02955,Hindi,0,hi_f
hi_f_other_01083,Hindi,1,hi_f
hi_f_general_02310,Hindi,1,hi_f
hi_f_education_00589,Hindi,0,hi_f
hi_f_health_00999,Hindi,1,hi_f
hi_f_other_04150,Hindi,0,hi_f
hi_f_books_03717,Hindi,1,hi_f
hi_f_weather_02732,Hindi,0,hi_f
hi_f_books_08413,Hindi,0,hi_f
hi_f_books_02424,Hindi,1,hi_f
hi_f_books_06720,Hindi,1,hi_f
hi_f_education_00631,Hindi,1,hi_f
hi_f_books_06170,Hindi,1,hi_f
hi_f_agri_01793,Hindi,1,hi_f
hi_f_education_01117,Hindi,0,hi_f
hi_f_politics_03348,Hindi,0,hi_f
hi_f_weather_00193,Hindi,0,hi_f
hi_f_other_02302,Hindi,0,hi_f
hi_f_other_02238,Hindi,1,hi_f
hi_f_other_01157,Hindi,0,hi_f
hi_f_health_02047,Hindi,1,hi_f
hi_f_agri_01383,Hindi,0,hi_f
hi_f_politics_03659,Hindi,1,hi_f
hi_f_books_02467,Hindi,0,hi_f
hi_f_other_00349,Hindi,0,hi_f
hi_f_politics_03387,Hindi,0,hi_f
hi_f_weather_02636,Hindi,1,hi_f
hi_f_books_00610,Hindi,1,hi_f
hi_f_books_07138,Hindi,1,hi_f
hi_f_books_05178,Hindi,0,hi_f
hi_f_health_00127,Hindi,1,hi_f
hi_f_weather_03094,Hindi,1,hi_f
hi_f_health_02654,Hindi,0,hi_f
hi_f_books_08949,Hindi,1,hi_f
hi_f_weather_03373,Hindi,1,hi_f
hi_f_books_03484,Hindi,1,hi_f
hi_f_books_01584,Hindi,1,hi_f
hi_f_books_00908,Hindi,1,hi_f
hi_f_education_02388,Hindi,0,hi_f
hi_f_books_05828,Hindi,1,hi_f
hi_f_education_01965,Hindi,0,hi_f
hi_f_books_05678,Hindi,0,hi_f
hi_f_general_00742,Hindi,0,hi_f
hi_f_other_00830,Hindi,1,hi_f
hi_f_general_01478,Hindi,0,hi_f
hi_f_books_02095,Hindi,1,hi_f
hi_f_agri_00865,Hindi,1,hi_f
hi_f_books_05300,Hindi,1,hi_f
hi_f_books_05588,Hindi,0,hi_f
hi_f_books_08170,Hindi,1,hi_f
hi_f_weather_02584,Hindi,0,hi_f
hi_f_weather_02504,Hindi,1,hi_f
hi_f_books_08029,Hindi,0,hi_f
hi_f_finance_01248,Hindi,0,hi_f
hi_f_politics_01438,Hindi,1,hi_f
hi_f_general_01992,Hindi,0,hi_f
hi_f_books_05136,Hindi,1,hi_f
hi_f_general_00221,Hindi,0,hi_f
hi_f_weather_00679,Hindi,0,hi_f
hi_f_finance_00655,Hindi,0,hi_f
hi_f_agri_01922,Hindi,1,hi_f
hi_f_books_05098,Hindi,0,hi_f
hi_f_education_02587,Hindi,0,hi_f
hi_f_other_01987,Hindi,1,hi_f
hi_f_weather_03037,Hindi,0,hi_f
hi_f_weather_01478,Hindi,0,hi_f
hi_f_weather_00480,Hindi,1,hi_f
hi_f_weather_01927,Hindi,0,hi_f
hi_f_finance_01311,Hindi,0,hi_f
hi_f_weather_02549,Hindi,0,hi_f
hi_f_books_04390,Hindi,0,hi_f
hi_f_politics_01176,Hindi,1,hi_f
hi_f_politics_04047,Hindi,0,hi_f
hi_f_books_05886,Hindi,0,hi_f
hi_f_politics_03316,Hindi,0,hi_f
hi_f_books_03071,Hindi,0,hi_f
hi_f_general_01217,Hindi,1,hi_f
hi_f_books_08240,Hindi,1,hi_f
hi_f_weather_01470,Hindi,1,hi_f
hi_f_other_03796,Hindi,0,hi_f
hi_f_other_02224,Hindi,0,hi_f
hi_f_books_05554,Hindi,1,hi_f
hi_f_politics_04110,Hindi,0,hi_f
hi_f_agri_00711,Hindi,0,hi_f
hi_f_other_03190,Hindi,0,hi_f
hi_f_education_00225,Hindi,0,hi_f
hi_f_education_02310,Hindi,1,hi_f
hi_f_other_00421,Hindi,0,hi_f
hi_f_education_02626,Hindi,1,hi_f
hi_f_books_02052,Hindi,1,hi_f
hi_f_weather_03310,Hindi,0,hi_f
hi_f_books_04569,Hindi,0,hi_f
hi_f_other_01216,Hindi,1,hi_f
hi_f_books_02454,Hindi,1,hi_f
hi_f_books_01515,Hindi,1,hi_f
hi_f_other_01814,Hindi,1,hi_f
hi_f_books_00641,Hindi,1,hi_f
hi_f_finance_00623,Hindi,1,hi_f
hi_f_general_00706,Hindi,1,hi_f
hi_f_books_08203,Hindi,1,hi_f
hi_f_books_02046,Hindi,1,hi_f
hi_f_health_00381,Hindi,1,hi_f
hi_f_other_00762,Hindi,1,hi_f
hi_f_education_00275,Hindi,1,hi_f
hi_f_books_04028,Hindi,1,hi_f
hi_f_agri_02296,Hindi,0,hi_f
hi_f_weather_00170,Hindi,0,hi_f
hi_f_general_02379,Hindi,0,hi_f
hi_f_other_02503,Hindi,1,hi_f
hi_f_other_00314,Hindi,0,hi_f
hi_f_books_04146,Hindi,0,hi_f
hi_f_books_01180,Hindi,1,hi_f
hi_f_books_02362,Hindi,1,hi_f
hi_f_general_01103,Hindi,1,hi_f
hi_f_agri_00639,Hindi,0,hi_f
hi_f_books_00933,Hindi,0,hi_f
hi_f_weather_00827,Hindi,1,hi_f
hi_f_general_02202,Hindi,1,hi_f
hi_f_general_00286,Hindi,1,hi_f
hi_f_health_00462,Hindi,0,hi_f
hi_f_weather_01781,Hindi,1,hi_f
hi_f_general_01719,Hindi,0,hi_f
hi_f_health_01062,Hindi,0,hi_f
hi_f_other_05180,Hindi,1,hi_f
hi_f_books_05793,Hindi,1,hi_f
hi_f_other_01990,Hindi,0,hi_f
hi_f_other_01181,Hindi,1,hi_f
hi_f_general_00557,Hindi,1,hi_f
hi_f_agri_01335,Hindi,1,hi_f
hi_f_health_00882,Hindi,0,hi_f
hi_f_weather_00522,Hindi,0,hi_f
hi_f_books_05826,Hindi,1,hi_f
hi_f_politics_01582,Hindi,1,hi_f
hi_f_other_05157,Hindi,1,hi_f
hi_f_finance_01817,Hindi,1,hi_f
hi_f_education_02729,Hindi,1,hi_f
hi_f_books_06733,Hindi,1,hi_f
hi_f_education_02281,Hindi,0,hi_f
hi_f_books_03795,Hindi,0,hi_f
hi_f_politics_04420,Hindi,0,hi_f
hi_f_books_02729,Hindi,0,hi_f
hi_f_finance_02240,Hindi,0,hi_f
hi_f_books_00018,Hindi,1,hi_f
hi_f_books_06493,Hindi,1,hi_f
hi_f_weather_03374,Hindi,1,hi_f
hi_f_education_00338,Hindi,0,hi_f
hi_f_politics_01841,Hindi,0,hi_f
hi_f_other_01934,Hindi,1,hi_f
hi_f_politics_01868,Hindi,1,hi_f
hi_f_weather_01442,Hindi,1,hi_f
hi_f_books_05918,Hindi,0,hi_f
hi_f_books_08532,Hindi,1,hi_f
hi_f_books_01382,Hindi,0,hi_f
hi_f_finance_00188,Hindi,1,hi_f
hi_f_politics_03770,Hindi,1,hi_f
hi_f_general_00320,Hindi,0,hi_f
hi_f_general_00130,Hindi,0,hi_f
hi_f_agri_01498,Hindi,0,hi_f
hi_f_politics_01270,Hindi,0,hi_f
hi_f_finance_01646,Hindi,1,hi_f
hi_f_politics_03597,Hindi,0,hi_f
hi_f_politics_03831,Hindi,1,hi_f
hi_f_books_08341,Hindi,0,hi_f
hi_f_other_01387,Hindi,0,hi_f
hi_f_general_01220,Hindi,1,hi_f
hi_f_education_01319,Hindi,0,hi_f
hi_f_books_04844,Hindi,1,hi_f
hi_f_general_01581,Hindi,0,hi_f
hi_f_education_00444,Hindi,0,hi_f
hi_f_health_02639,Hindi,1,hi_f
hi_f_agri_00849,Hindi,0,hi_f
hi_f_general_01377,Hindi,0,hi_f
hi_f_books_03065,Hindi,0,hi_f
hi_f_education_01310,Hindi,1,hi_f
hi_f_politics_02306,Hindi,1,hi_f
hi_f_general_00319,Hindi,1,hi_f
hi_f_books_06052,Hindi,0,hi_f
hi_f_other_00724,Hindi,1,hi_f
hi_f_education_00226,Hindi,0,hi_f
hi_f_other_04700,Hindi,1,hi_f
hi_f_weather_02765,Hindi,1,hi_f
hi_f_books_05121,Hindi,0,hi_f
hi_f_books_00880,Hindi,1,hi_f
hi_f_health_02607,Hindi,0,hi_f
hi_f_finance_00865,Hindi,0,hi_f
hi_f_politics_02207,Hindi,0,hi_f
hi_f_books_06264,Hindi,1,hi_f
hi_f_weather_02412,Hindi,0,hi_f
hi_f_agri_00031,Hindi,1,hi_f
hi_f_books_02406,Hindi,1,hi_f
hi_f_politics_03422,Hindi,1,hi_f
hi_f_finance_00662,Hindi,1,hi_f
hi_f_general_02483,Hindi,1,hi_f
hi_f_other_04068,Hindi,0,hi_f
hi_f_health_00240,Hindi,1,hi_f
hi_f_education_00506,Hindi,0,hi_f
hi_f_politics_01485,Hindi,1,hi_f
hi_f_education_01857,Hindi,0,hi_f
hi_f_general_02995,Hindi,1,hi_f
hi_f_books_04988,Hindi,1,hi_f
hi_f_agri_02400,Hindi,1,hi_f
hi_f_health_00809,Hindi,0,hi_f
hi_f_education_00195,Hindi,1,hi_f
hi_f_agri_00169,Hindi,1,hi_f
hi_f_weather_00575,Hindi,0,hi_f
hi_f_books_08727,Hindi,0,hi_f
hi_f_other_01139,Hindi,1,hi_f
hi_f_politics_01992,Hindi,1,hi_f
hi_f_agri_00585,Hindi,0,hi_f
hi_f_health_02028,Hindi,1,hi_f
hi_f_finance_00774,Hindi,1,hi_f
hi_f_books_00148,Hindi,1,hi_f
hi_f_other_01346,Hindi,1,hi_f
hi_f_agri_01246,Hindi,1,hi_f
hi_f_books_05017,Hindi,0,hi_f
hi_f_agri_00796,Hindi,1,hi_f
hi_f_general_02622,Hindi,0,hi_f
hi_f_weather_03355,Hindi,0,hi_f
hi_f_books_05213,Hindi,1,hi_f
hi_f_books_04012,Hindi,0,hi_f
hi_f_general_03211,Hindi,1,hi_f
hi_f_politics_01115,Hindi,0,hi_f
hi_f_other_02493,Hindi,1,hi_f
hi_f_agri_00815,Hindi,1,hi_f
hi_f_weather_01108,Hindi,1,hi_f
hi_f_weather_02882,Hindi,1,hi_f
hi_f_general_02942,Hindi,1,hi_f
hi_f_agri_00488,Hindi,1,hi_f
hi_f_books_01591,Hindi,0,hi_f
hi_f_education_02755,Hindi,1,hi_f
hi_f_finance_00142,Hindi,1,hi_f
hi_f_health_00181,Hindi,0,hi_f
hi_f_agri_00355,Hindi,1,hi_f
hi_f_health_00479,Hindi,0,hi_f
hi_f_books_04285,Hindi,1,hi_f
hi_f_books_03238,Hindi,0,hi_f
hi_f_politics_00167,Hindi,0,hi_f
hi_f_education_02363,Hindi,0,hi_f
hi_f_general_01417,Hindi,1,hi_f
hi_f_education_00825,Hindi,0,hi_f
hi_f_books_02588,Hindi,1,hi_f
hi_f_other_01379,Hindi,1,hi_f
hi_f_general_02284,Hindi,0,hi_f
hi_f_politics_04155,Hindi,1,hi_f
hi_f_health_00933,Hindi,0,hi_f
hi_f_books_04182,Hindi,1,hi_f
hi_f_education_01920,Hindi,0,hi_f
hi_f_health_01212,Hindi,0,hi_f
hi_f_education_01036,Hindi,1,hi_f
hi_f_health_02085,Hindi,0,hi_f
hi_f_books_04387,Hindi,0,hi_f
hi_f_books_09026,Hindi,1,hi_f
hi_f_books_04519,Hindi,1,hi_f
hi_f_books_08564,Hindi,1,hi_f
hi_f_general_01621,Hindi,0,hi_f
hi_f_general_00948,Hindi,1,hi_f
hi_f_agri_01288,Hindi,0,hi_f
hi_f_books_01722,Hindi,0,hi_f
hi_f_weather_02193,Hindi,1,hi_f
hi_f_other_01842,Hindi,0,hi_f
hi_f_general_01144,Hindi,0,hi_f
hi_f_education_01131,Hindi,0,hi_f
hi_f_books_04562,Hindi,1,hi_f
hi_f_education_01217,Hindi,1,hi_f
hi_f_health_01357,Hindi,1,hi_f
hi_f_politics_02903,Hindi,1,hi_f
hi_f_health_01456,Hindi,0,hi_f
hi_f_books_04090,Hindi,1,hi_f
hi_f_agri_00073,Hindi,1,hi_f
hi_f_other_04207,Hindi,1,hi_f
hi_f_agri_00593,Hindi,0,hi_f
hi_f_agri_01974,Hindi,0,hi_f
hi_f_books_04136,Hindi,0,hi_f
hi_f_agri_00450,Hindi,0,hi_f
hi_f_health_00718,Hindi,1,hi_f
hi_f_books_02568,Hindi,1,hi_f
hi_f_books_01228,Hindi,0,hi_f
hi_f_education_00532,Hindi,1,hi_f
hi_f_other_05283,Hindi,0,hi_f
hi_f_weather_03265,Hindi,0,hi_f
hi_f_agri_02138,Hindi,1,hi_f
hi_f_agri_00754,Hindi,1,hi_f
hi_f_books_01917,Hindi,0,hi_f
hi_f_weather_02615,Hindi,0,hi_f
hi_f_finance_01501,Hindi,1,hi_f
hi_f_general_03015,Hindi,1,hi_f
hi_f_books_04427,Hindi,0,hi_f
hi_f_general_00414,Hindi,0,hi_f
hi_f_other_01587,Hindi,1,hi_f
hi_f_general_02902,Hindi,1,hi_f
hi_f_finance_01856,Hindi,0,hi_f
hi_f_finance_00967,Hindi,0,hi_f
hi_f_other_00176,Hindi,0,hi_f
hi_f_other_02211,Hindi,1,hi_f
hi_f_weather_03377,Hindi,1,hi_f
hi_f_books_00703,Hindi,0,hi_f
hi_f_books_00727,Hindi,0,hi_f
hi_f_general_00672,Hindi,1,hi_f
hi_f_books_03632,Hindi,1,hi_f
hi_f_books_05035,Hindi,0,hi_f
hi_f_education_01794,Hindi,0,hi_f
hi_f_weather_02395,Hindi,1,hi_f
hi_f_health_00150,Hindi,1,hi_f
hi_f_education_00055,Hindi,1,hi_f
hi_f_finance_01150,Hindi,0,hi_f
hi_f_books_04396,Hindi,0,hi_f
hi_f_books_04553,Hindi,0,hi_f
hi_f_books_03844,Hindi,1,hi_f
hi_f_other_04831,Hindi,1,hi_f
hi_f_general_01158,Hindi,1,hi_f
hi_f_education_02743,Hindi,0,hi_f
hi_f_politics_04162,Hindi,0,hi_f
hi_f_weather_01859,Hindi,1,hi_f
hi_f_books_04648,Hindi,0,hi_f
hi_f_weather_02873,Hindi,0,hi_f
hi_f_education_00125,Hindi,1,hi_f
hi_f_politics_00909,Hindi,0,hi_f
hi_f_weather_01473,Hindi,1,hi_f
hi_f_weather_00511,Hindi,1,hi_f
hi_f_education_00716,Hindi,0,hi_f
hi_f_other_05310,Hindi,0,hi_f
hi_f_education_00394,Hindi,1,hi_f
hi_f_health_02114,Hindi,0,hi_f
hi_f_weather_03294,Hindi,1,hi_f
hi_f_books_08322,Hindi,1,hi_f
hi_f_education_01502,Hindi,1,hi_f
hi_f_general_01061,Hindi,0,hi_f
hi_f_education_00607,Hindi,1,hi_f
hi_f_books_07112,Hindi,0,hi_f
hi_f_general_03070,Hindi,1,hi_f
hi_f_other_01775,Hindi,0,hi_f
hi_f_politics_02687,Hindi,1,hi_f
hi_f_education_02100,Hindi,1,hi_f
hi_f_health_02090,Hindi,0,hi_f
hi_f_education_02577,Hindi,0,hi_f
hi_f_agri_00625,Hindi,1,hi_f
hi_f_education_00029,Hindi,1,hi_f
hi_f_health_02118,Hindi,0,hi_f
hi_f_politics_00545,Hindi,1,hi_f
hi_f_weather_02875,Hindi,0,hi_f
hi_f_other_05261,Hindi,0,hi_f
hi_f_other_04944,Hindi,0,hi_f
hi_f_weather_02074,Hindi,1,hi_f
hi_f_other_00364,Hindi,0,hi_f
hi_f_general_01509,Hindi,1,hi_f
hi_f_general_01398,Hindi,0,hi_f
hi_f_education_01387,Hindi,1,hi_f
hi_f_politics_01523,Hindi,1,hi_f
hi_f_general_01094,Hindi,1,hi_f
hi_f_weather_00309,Hindi,0,hi_f
hi_f_books_02328,Hindi,1,hi_f
hi_f_health_00774,Hindi,0,hi_f
hi_f_education_01184,Hindi,1,hi_f
hi_f_books_03582,Hindi,0,hi_f
hi_f_books_02777,Hindi,0,hi_f
hi_f_health_00880,Hindi,0,hi_f
hi_f_books_04011,Hindi,0,hi_f
hi_f_weather_01588,Hindi,1,hi_f
hi_f_finance_01059,Hindi,0,hi_f
hi_f_books_00535,Hindi,0,hi_f
hi_f_finance_00862,Hindi,0,hi_f
hi_f_general_03079,Hindi,1,hi_f
hi_f_books_03087,Hindi,0,hi_f
hi_f_books_01306,Hindi,1,hi_f
hi_f_agri_01828,Hindi,0,hi_f
hi_f_weather_02857,Hindi,1,hi_f
hi_f_general_00052,Hindi,0,hi_f
hi_f_politics_00792,Hindi,0,hi_f
hi_f_general_01637,Hindi,1,hi_f
hi_f_other_00811,Hindi,0,hi_f
hi_f_health_00323,Hindi,0,hi_f
hi_f_books_06785,Hindi,0,hi_f
hi_f_weather_03262,Hindi,1,hi_f
hi_f_weather_03396,Hindi,1,hi_f
hi_f_weather_02696,Hindi,1,hi_f
hi_f_health_02101,Hindi,0,hi_f
hi_f_education_00274,Hindi,1,hi_f
hi_f_politics_01681,Hindi,1,hi_f
hi_f_health_00143,Hindi,0,hi_f
hi_f_books_06550,Hindi,1,hi_f
hi_f_books_00184,Hindi,0,hi_f
hi_f_books_00667,Hindi,0,hi_f
hi_f_other_02173,Hindi,0,hi_f
hi_f_books_05193,Hindi,1,hi_f
hi_f_weather_02632,Hindi,0,hi_f
hi_f_weather_02403,Hindi,0,hi_f
hi_f_health_00321,Hindi,1,hi_f
hi_f_weather_02249,Hindi,0,hi_f
hi_f_health_01987,Hindi,0,hi_f
hi_f_books_07447,Hindi,0,hi_f
hi_f_health_02843,Hindi,1,hi_f
hi_f_politics_03254,Hindi,0,hi_f
hi_f_books_04460,Hindi,1,hi_f
hi_f_other_03183,Hindi,1,hi_f
hi_f_education_01136,Hindi,0,hi_f
hi_f_books_04753,Hindi,1,hi_f
hi_f_weather_02656,Hindi,1,hi_f
hi_f_other_02779,Hindi,1,hi_f
hi_f_general_01668,Hindi,1,hi_f
hi_f_other_02125,Hindi,1,hi_f
hi_f_books_06250,Hindi,1,hi_f
hi_f_other_04849,Hindi,1,hi_f
hi_f_other_02548,Hindi,1,hi_f
hi_f_other_04304,Hindi,0,hi_f
hi_f_education_00726,Hindi,1,hi_f
hi_f_books_04870,Hindi,0,hi_f
hi_f_other_02496,Hindi,1,hi_f
hi_f_books_02482,Hindi,0,hi_f
hi_f_politics_04187,Hindi,0,hi_f
hi_f_weather_00789,Hindi,0,hi_f
hi_f_books_00591,Hindi,1,hi_f
hi_f_books_02101,Hindi,0,hi_f
hi_f_books_00989,Hindi,1,hi_f
hi_f_general_02411,Hindi,1,hi_f
hi_f_weather_02730,Hindi,0,hi_f
hi_f_education_00417,Hindi,1,hi_f
hi_f_other_01203,Hindi,0,hi_f
hi_f_weather_03315,Hindi,1,hi_f
hi_f_general_02249,Hindi,1,hi_f
hi_f_other_04770,Hindi,1,hi_f
hi_f_other_01320,Hindi,1,hi_f
hi_f_books_01522,Hindi,1,hi_f
hi_f_finance_00684,Hindi,1,hi_f
hi_f_agri_02070,Hindi,0,hi_f
hi_f_general_02156,Hindi,1,hi_f
hi_f_books_03414,Hindi,1,hi_f
hi_f_education_01889,Hindi,0,hi_f
hi_f_education_02108,Hindi,0,hi_f
hi_f_finance_00537,Hindi,1,hi_f
hi_f_general_03004,Hindi,1,hi_f
hi_f_agri_01221,Hindi,0,hi_f
hi_f_other_02097,Hindi,1,hi_f
hi_f_general_01887,Hindi,1,hi_f
hi_f_politics_01242,Hindi,0,hi_f
hi_f_general_02701,Hindi,1,hi_f
hi_f_weather_01773,Hindi,0,hi_f
hi_f_books_08198,Hindi,1,hi_f
hi_f_politics_00117,Hindi,0,hi_f
hi_f_books_05888,Hindi,1,hi_f
hi_f_education_00221,Hindi,1,hi_f
hi_f_books_05403,Hindi,0,hi_f
hi_f_books_00205,Hindi,1,hi_f
hi_f_politics_01257,Hindi,0,hi_f
hi_f_education_00903,Hindi,1,hi_f
hi_f_other_02831,Hindi,1,hi_f
hi_f_books_02596,Hindi,1,hi_f
hi_f_general_00503,Hindi,1,hi_f
hi_f_health_00356,Hindi,0,hi_f
hi_f_books_05186,Hindi,1,hi_f
hi_f_politics_03934,Hindi,1,hi_f
hi_f_health_02292,Hindi,0,hi_f
hi_f_books_08060,Hindi,1,hi_f
hi_f_politics_00150,Hindi,0,hi_f
hi_f_agri_01203,Hindi,0,hi_f
hi_f_other_01136,Hindi,1,hi_f
hi_f_weather_01291,Hindi,1,hi_f
hi_f_weather_01514,Hindi,0,hi_f
hi_f_books_03814,Hindi,1,hi_f
hi_f_general_00888,Hindi,1,hi_f
hi_f_other_00204,Hindi,0,hi_f
hi_f_books_00977,Hindi,0,hi_f
hi_f_other_03804,Hindi,0,hi_f
hi_f_books_03595,Hindi,1,hi_f
hi_f_education_00340,Hindi,0,hi_f
hi_f_other_01845,Hindi,1,hi_f
hi_f_weather_03345,Hindi,1,hi_f
hi_f_agri_02243,Hindi,0,hi_f
hi_f_weather_02982,Hindi,0,hi_f
hi_f_weather_02466,Hindi,0,hi_f
hi_f_weather_02947,Hindi,1,hi_f
hi_f_weather_00698,Hindi,0,hi_f
hi_f_finance_01554,Hindi,1,hi_f
hi_f_health_02991,Hindi,1,hi_f
hi_f_other_03794,Hindi,1,hi_f
hi_f_books_05082,Hindi,0,hi_f
hi_f_weather_00545,Hindi,1,hi_f
hi_f_general_00498,Hindi,1,hi_f
hi_f_books_02210,Hindi,1,hi_f
hi_f_education_02819,Hindi,0,hi_f
hi_f_education_00766,Hindi,1,hi_f
hi_f_books_05752,Hindi,1,hi_f
hi_f_books_03292,Hindi,1,hi_f
hi_f_books_01851,Hindi,1,hi_f
hi_f_general_00892,Hindi,1,hi_f
hi_f_health_01163,Hindi,1,hi_f
hi_f_other_03409,Hindi,0,hi_f
hi_f_health_00216,Hindi,1,hi_f
hi_f_general_02207,Hindi,0,hi_f
hi_f_weather_00521,Hindi,0,hi_f
hi_f_finance_02015,Hindi,1,hi_f
hi_f_other_00332,Hindi,0,hi_f
hi_f_other_01423,Hindi,0,hi_f
hi_f_education_00203,Hindi,0,hi_f
hi_f_health_01856,Hindi,0,hi_f
hi_f_politics_00012,Hindi,1,hi_f
hi_f_finance_00916,Hindi,0,hi_f
hi_f_education_00613,Hindi,1,hi_f
hi_f_books_04913,Hindi,0,hi_f
hi_f_books_05086,Hindi,0,hi_f
hi_f_general_00402,Hindi,0,hi_f
hi_f_education_00302,Hindi,0,hi_f
hi_f_weather_00106,Hindi,0,hi_f
hi_f_books_04442,Hindi,1,hi_f
hi_f_weather_00373,Hindi,1,hi_f
hi_f_other_02018,Hindi,1,hi_f
hi_f_books_02748,Hindi,1,hi_f
hi_f_education_02457,Hindi,0,hi_f
hi_f_agri_00389,Hindi,0,hi_f
hi_f_books_03835,Hindi,1,hi_f
hi_f_education_00529,Hindi,1,hi_f
hi_f_health_02677,Hindi,1,hi_f
hi_f_agri_01945,Hindi,0,hi_f
hi_f_health_00410,Hindi,0,hi_f
hi_f_books_05012,Hindi,0,hi_f
hi_f_books_04830,Hindi,0,hi_f
hi_f_finance_01475,Hindi,0,hi_f
hi_f_health_00983,Hindi,1,hi_f
hi_f_books_00776,Hindi,1,hi_f
hi_f_education_01637,Hindi,1,hi_f
hi_f_other_05320,Hindi,1,hi_f
hi_f_politics_03489,Hindi,0,hi_f
hi_f_books_02941,Hindi,0,hi_f
hi_f_general_00976,Hindi,1,hi_f
hi_f_general_01898,Hindi,1,hi_f
hi_f_general_01315,Hindi,1,hi_f
hi_f_other_03534,Hindi,0,hi_f
hi_f_health_00833,Hindi,1,hi_f
hi_f_politics_00034,Hindi,0,hi_f
hi_f_other_04785,Hindi,0,hi_f
hi_f_other_05344,Hindi,1,hi_f
hi_f_other_01236,Hindi,1,hi_f
hi_f_general_01820,Hindi,1,hi_f
hi_f_books_03147,Hindi,0,hi_f
hi_f_other_00240,Hindi,1,hi_f
hi_f_education_00730,Hindi,0,hi_f
hi_f_general_01405,Hindi,0,hi_f
hi_f_general_01211,Hindi,1,hi_f
hi_f_general_02627,Hindi,1,hi_f
hi_f_weather_03361,Hindi,0,hi_f
hi_f_books_08175,Hindi,0,hi_f
hi_f_other_00662,Hindi,1,hi_f
hi_f_books_03282,Hindi,0,hi_f
hi_f_books_00813,Hindi,0,hi_f
hi_f_education_01951,Hindi,1,hi_f
hi_f_agri_00692,Hindi,0,hi_f
hi_f_other_01575,Hindi,0,hi_f
hi_f_weather_00686,Hindi,1,hi_f
hi_f_health_01698,Hindi,1,hi_f
hi_f_general_03108,Hindi,0,hi_f
hi_f_books_07098,Hindi,0,hi_f
hi_f_finance_02213,Hindi,0,hi_f
hi_f_books_03392,Hindi,0,hi_f
hi_f_books_04832,Hindi,1,hi_f
hi_f_general_00287,Hindi,0,hi_f
hi_f_other_00241,Hindi,1,hi_f
hi_f_weather_00523,Hindi,0,hi_f
hi_f_agri_01668,Hindi,1,hi_f
hi_f_agri_02374,Hindi,1,hi_f
hi_f_education_01344,Hindi,1,hi_f
hi_f_agri_00935,Hindi,0,hi_f
hi_f_books_00337,Hindi,0,hi_f
hi_f_books_02126,Hindi,1,hi_f
hi_f_weather_03416,Hindi,1,hi_f
hi_f_politics_00464,Hindi,1,hi_f
hi_f_education_02486,Hindi,0,hi_f
hi_f_politics_00266,Hindi,0,hi_f
hi_f_general_00207,Hindi,1,hi_f
hi_f_politics_00924,Hindi,1,hi_f
hi_f_other_02028,Hindi,0,hi_f
hi_f_weather_03008,Hindi,1,hi_f
hi_f_books_00335,Hindi,0,hi_f
hi_f_finance_01168,Hindi,0,hi_f
hi_f_books_00003,Hindi,0,hi_f
hi_f_general_01438,Hindi,1,hi_f
hi_f_general_01262,Hindi,0,hi_f
hi_f_books_02173,Hindi,1,hi_f
hi_f_politics_00741,Hindi,0,hi_f
hi_f_books_08761,Hindi,0,hi_f
hi_f_weather_02437,Hindi,0,hi_f
hi_f_agri_00319,Hindi,1,hi_f
hi_f_weather_03191,Hindi,0,hi_f
hi_f_agri_01017,Hindi,1,hi_f
hi_f_books_04626,Hindi,1,hi_f
hi_f_general_00178,Hindi,1,hi_f
hi_f_other_00972,Hindi,1,hi_f
hi_f_books_01738,Hindi,0,hi_f
hi_f_education_02032,Hindi,1,hi_f
hi_f_books_03046,Hindi,0,hi_f
hi_f_weather_01472,Hindi,1,hi_f
hi_f_other_00106,Hindi,0,hi_f
hi_f_education_00244,Hindi,0,hi_f
hi_f_politics_02100,Hindi,1,hi_f
hi_f_education_02044,Hindi,0,hi_f
hi_f_other_01518,Hindi,1,hi_f
hi_f_books_01283,Hindi,0,hi_f
hi_f_health_00711,Hindi,0,hi_f
hi_f_books_04405,Hindi,1,hi_f
hi_f_education_02575,Hindi,1,hi_f
hi_f_books_01204,Hindi,0,hi_f
hi_f_general_01366,Hindi,0,hi_f
hi_f_books_03852,Hindi,0,hi_f
hi_f_agri_01086,Hindi,0,hi_f
hi_f_books_00147,Hindi,1,hi_f
hi_f_agri_01134,Hindi,1,hi_f
hi_f_education_02158,Hindi,0,hi_f
hi_f_weather_01630,Hindi,0,hi_f
hi_f_general_00445,Hindi,1,hi_f
hi_f_books_08475,Hindi,0,hi_f
hi_f_agri_02328,Hindi,0,hi_f
hi_f_books_02431,Hindi,0,hi_f
hi_f_weather_00474,Hindi,0,hi_f
hi_f_books_02464,Hindi,0,hi_f
hi_f_education_02431,Hindi,1,hi_f
hi_f_books_05113,Hindi,0,hi_f
hi_f_books_01793,Hindi,1,hi_f
hi_f_education_01981,Hindi,0,hi_f
hi_f_other_00601,Hindi,0,hi_f
hi_f_weather_03212,Hindi,1,hi_f
hi_f_health_00935,Hindi,0,hi_f
hi_f_other_00358,Hindi,0,hi_f
hi_f_finance_02023,Hindi,1,hi_f
hi_f_general_01505,Hindi,0,hi_f
hi_f_education_01473,Hindi,0,hi_f
hi_f_general_00855,Hindi,1,hi_f
hi_f_other_05092,Hindi,0,hi_f
hi_f_other_00127,Hindi,1,hi_f
hi_f_education_00161,Hindi,0,hi_f
hi_f_education_02721,Hindi,0,hi_f
hi_f_other_00092,Hindi,0,hi_f
hi_f_politics_01371,Hindi,1,hi_f
hi_f_education_00374,Hindi,1,hi_f
hi_f_other_00161,Hindi,1,hi_f
hi_f_general_00169,Hindi,0,hi_f
hi_f_general_02856,Hindi,0,hi_f
hi_f_other_01348,Hindi,1,hi_f
hi_f_finance_01187,Hindi,1,hi_f
hi_f_general_00218,Hindi,1,hi_f
hi_f_books_00520,Hindi,0,hi_f
hi_f_finance_01359,Hindi,0,hi_f
hi_f_books_05109,Hindi,0,hi_f
hi_f_general_01603,Hindi,1,hi_f
hi_f_politics_01416,Hindi,0,hi_f
hi_f_general_01057,Hindi,1,hi_f
hi_f_books_01183,Hindi,0,hi_f
hi_f_agri_01274,Hindi,0,hi_f
hi_f_education_02652,Hindi,1,hi_f
hi_f_other_04943,Hindi,0,hi_f
hi_f_general_01001,Hindi,0,hi_f
hi_f_general_00324,Hindi,1,hi_f
hi_f_books_01698,Hindi,1,hi_f
hi_f_books_05106,Hindi,1,hi_f
hi_f_politics_00482,Hindi,0,hi_f
hi_f_other_01611,Hindi,1,hi_f
hi_f_general_00091,Hindi,0,hi_f
hi_f_books_04439,Hindi,1,hi_f
hi_f_books_02459,Hindi,0,hi_f
hi_f_politics_03235,Hindi,1,hi_f
hi_f_general_02941,Hindi,1,hi_f
hi_f_politics_00086,Hindi,0,hi_f
hi_f_finance_01854,Hindi,1,hi_f
hi_f_books_03563,Hindi,0,hi_f
hi_f_health_02071,Hindi,0,hi_f
hi_f_education_01826,Hindi,1,hi_f
hi_f_other_05188,Hindi,0,hi_f
hi_f_finance_00571,Hindi,0,hi_f
hi_f_health_01106,Hindi,0,hi_f
hi_f_weather_02630,Hindi,0,hi_f
hi_f_agri_01315,Hindi,0,hi_f
hi_f_other_01974,Hindi,0,hi_f
hi_f_weather_02693,Hindi,0,hi_f
hi_f_books_04542,Hindi,1,hi_f
hi_f_agri_02255,Hindi,0,hi_f
hi_f_education_00977,Hindi,0,hi_f
hi_f_finance_01420,Hindi,0,hi_f
hi_f_agri_00817,Hindi,1,hi_f
hi_f_health_01159,Hindi,0,hi_f
hi_f_finance_01556,Hindi,1,hi_f
hi_f_general_01274,Hindi,1,hi_f
hi_f_education_00251,Hindi,1,hi_f
hi_f_general_01600,Hindi,0,hi_f
hi_f_books_02695,Hindi,0,hi_f
hi_f_weather_03417,Hindi,0,hi_f
hi_f_general_03027,Hindi,0,hi_f
hi_f_education_02346,Hindi,0,hi_f
hi_f_weather_00707,Hindi,1,hi_f
hi_f_books_06685,Hindi,0,hi_f
hi_f_politics_03275,Hindi,1,hi_f
hi_f_books_06911,Hindi,0,hi_f
hi_f_books_05993,Hindi,0,hi_f
hi_f_politics_00101,Hindi,1,hi_f
hi_f_general_02551,Hindi,0,hi_f
hi_f_books_00761,Hindi,1,hi_f
hi_f_weather_03213,Hindi,1,hi_f
hi_f_education_00285,Hindi,1,hi_f
hi_f_books_00807,Hindi,0,hi_f
hi_f_other_02651,Hindi,0,hi_f
hi_f_other_04667,Hindi,1,hi_f
hi_f_agri_01462,Hindi,1,hi_f
hi_f_books_02279,Hindi,0,hi_f
hi_f_books_03311,Hindi,1,hi_f
hi_f_books_03056,Hindi,1,hi_f
hi_f_education_02180,Hindi,1,hi_f
hi_f_other_00286,Hindi,1,hi_f
hi_f_books_04624,Hindi,0,hi_f
hi_f_general_01579,Hindi,0,hi_f
hi_f_weather_02415,Hindi,0,hi_f
hi_f_education_01814,Hindi,1,hi_f
hi_f_education_01411,Hindi,0,hi_f
hi_f_other_01058,Hindi,1,hi_f
hi_f_agri_00381,Hindi,1,hi_f
hi_f_weather_00202,Hindi,1,hi_f
hi_f_politics_03977,Hindi,1,hi_f
hi_f_other_00834,Hindi,1,hi_f
hi_f_health_02746,Hindi,0,hi_f
hi_f_books_03138,Hindi,0,hi_f
hi_f_agri_01341,Hindi,1,hi_f
hi_f_other_01688,Hindi,1,hi_f
hi_f_general_01289,Hindi,0,hi_f
hi_f_politics_02902,Hindi,0,hi_f
hi_f_general_01290,Hindi,1,hi_f
hi_f_other_02255,Hindi,1,hi_f
hi_f_books_00686,Hindi,1,hi_f
hi_f_finance_02007,Hindi,0,hi_f
hi_f_agri_00218,Hindi,1,hi_f
hi_f_other_01640,Hindi,1,hi_f
hi_f_other_03622,Hindi,1,hi_f
hi_f_education_02309,Hindi,0,hi_f
hi_f_books_06539,Hindi,1,hi_f
hi_f_agri_00423,Hindi,0,hi_f
hi_f_weather_02832,Hindi,0,hi_f
hi_f_health_00497,Hindi,0,hi_f
hi_f_health_01454,Hindi,1,hi_f
hi_f_education_02438,Hindi,1,hi_f
hi_f_books_02797,Hindi,0,hi_f
hi_f_agri_02369,Hindi,0,hi_f
hi_f_education_01626,Hindi,0,hi_f
hi_f_general_01935,Hindi,1,hi_f
hi_f_books_04278,Hindi,1,hi_f
hi_f_books_06029,Hindi,1,hi_f
hi_f_books_04630,Hindi,0,hi_f
hi_f_general_02730,Hindi,1,hi_f
hi_f_books_02977,Hindi,1,hi_f
hi_f_health_02589,Hindi,1,hi_f
hi_f_education_00723,Hindi,0,hi_f
hi_f_finance_00793,Hindi,0,hi_f
hi_f_books_02815,Hindi,1,hi_f
hi_f_books_05236,Hindi,0,hi_f
hi_f_politics_00421,Hindi,0,hi_f
hi_f_weather_00240,Hindi,0,hi_f
hi_f_general_02404,Hindi,0,hi_f
hi_f_health_00872,Hindi,0,hi_f
hi_f_finance_01544,Hindi,0,hi_f
hi_f_books_01554,Hindi,1,hi_f
hi_f_education_00663,Hindi,0,hi_f
hi_f_other_05333,Hindi,1,hi_f
hi_f_books_01831,Hindi,0,hi_f
hi_f_general_01191,Hindi,0,hi_f
hi_f_books_02486,Hindi,1,hi_f
hi_f_education_02423,Hindi,1,hi_f
hi_f_books_05362,Hindi,1,hi_f
hi_f_general_00253,Hindi,0,hi_f
hi_f_health_00418,Hindi,1,hi_f
hi_f_politics_03426,Hindi,1,hi_f
hi_f_education_00644,Hindi,0,hi_f
hi_f_other_05173,Hindi,0,hi_f
hi_f_other_02280,Hindi,1,hi_f
hi_f_finance_01181,Hindi,0,hi_f
hi_f_health_00644,Hindi,1,hi_f
hi_f_books_08775,Hindi,0,hi_f
hi_f_books_05183,Hindi,1,hi_f
hi_f_weather_02788,Hindi,1,hi_f
hi_f_other_01017,Hindi,1,hi_f
hi_f_general_00191,Hindi,1,hi_f
hi_f_health_01582,Hindi,0,hi_f
hi_f_books_00096,Hindi,0,hi_f
hi_f_education_01691,Hindi,0,hi_f
hi_f_agri_02339,Hindi,0,hi_f
hi_f_agri_02288,Hindi,0,hi_f
hi_f_politics_00895,Hindi,0,hi_f
hi_f_agri_00055,Hindi,0,hi_f
hi_f_politics_04275,Hindi,0,hi_f
hi_f_education_02621,Hindi,0,hi_f
hi_f_books_02690,Hindi,1,hi_f
hi_f_education_02079,Hindi,1,hi_f
hi_f_other_00851,Hindi,0,hi_f
hi_f_agri_01176,Hindi,0,hi_f
hi_f_other_00393,Hindi,1,hi_f
hi_f_books_05647,Hindi,1,hi_f
hi_f_health_00413,Hindi,0,hi_f
hi_f_finance_00325,Hindi,0,hi_f
hi_f_weather_02538,Hindi,1,hi_f
hi_f_politics_01546,Hindi,0,hi_f
hi_f_politics_01182,Hindi,1,hi_f
hi_f_general_00818,Hindi,0,hi_f
hi_f_books_03966,Hindi,0,hi_f
hi_f_finance_00153,Hindi,0,hi_f
hi_f_general_00412,Hindi,1,hi_f
hi_f_finance_00540,Hindi,0,hi_f
hi_f_books_02471,Hindi,0,hi_f
hi_f_other_00077,Hindi,0,hi_f
hi_f_general_02799,Hindi,0,hi_f
hi_f_health_01563,Hindi,0,hi_f
hi_f_other_04672,Hindi,1,hi_f
hi_f_books_02642,Hindi,0,hi_f
hi_f_general_01154,Hindi,1,hi_f
hi_f_education_01987,Hindi,1,hi_f
hi_f_politics_04394,Hindi,0,hi_f
hi_f_health_00338,Hindi,1,hi_f
hi_f_education_01176,Hindi,0,hi_f
hi_f_books_00521,Hindi,1,hi_f
hi_f_books_04385,Hindi,0,hi_f
hi_f_general_02924,Hindi,0,hi_f
hi_f_general_03112,Hindi,1,hi_f
hi_f_finance_01676,Hindi,1,hi_f
hi_f_health_02442,Hindi,0,hi_f
hi_f_general_00251,Hindi,1,hi_f
hi_f_politics_01292,Hindi,1,hi_f
hi_f_general_03005,Hindi,1,hi_f
hi_f_books_05258,Hindi,0,hi_f
hi_f_finance_01867,Hindi,0,hi_f
hi_f_other_01283,Hindi,0,hi_f
