category,audio,window,time,start_time,end_time,aasist_score,old_prosody_score,new_v2_prosody_score
HUMAN,natural.wav,#1,0.0-2.0s,0.0,2.0,0.9999996423721313,0.0041144948448260665,0.45347535988215526
HUMAN,natural.wav,#2,1.0-3.0s,1.0,3.0,0.999407172203064,0.010537283985037948,0.45347535988215526
HUMAN,natural.wav,#3,2.0-4.0s,2.0,4.0,0.9902010560035706,0.9530682575541614,0.47593023891063896
HUMAN,natural.wav,#4,3.0-5.0s,3.0,5.0,0.5937590003013611,0.5400980141882907,0.4044498148074206
HUMAN,v_audio.ogg,#1,0.0-2.0s,0.0,2.0,0.9987309575080872,0.5298981146937254,0.46323082000175525
HUMAN,v_audio.ogg,#2,1.0-3.0s,1.0,3.0,0.9981725215911865,0.08162828021548141,0.42075662579230777
HUMAN,v_audio.ogg,#3,2.0-4.0s,2.0,4.0,0.9978026747703552,0.04854108316780015,0.4101003076040974
HUMAN,v_audio.ogg,#4,3.0-5.0s,3.0,5.0,0.9988572597503662,0.003605197133014326,0.4081202282807972
HUMAN,v_audio.ogg,#5,4.0-6.0s,4.0,6.0,0.9985401630401611,0.0044903036297513355,0.4081202282807972
HUMAN,v_audio.ogg,#6,5.0-7.0s,5.0,7.0,0.9997672438621521,0.002380252324880705,0.4081202282807972
HUMAN,v_audio.ogg,#7,6.0-8.0s,6.0,8.0,0.9992474317550659,0.0970014578054813,0.4268125080609553
HUMAN,v_audio.ogg,#8,7.0-9.0s,7.0,9.0,0.9996728897094727,0.25666502848764616,0.4029020434212766
HUMAN,v_audio.ogg,#9,8.0-10.0s,8.0,10.0,0.9990643858909607,0.010781114195703156,0.4029020434212766
HUMAN,v_audio.ogg,#10,9.0-11.0s,9.0,11.0,0.9997005462646484,0.006508014207607826,0.40219697755497474
HUMAN,v_audio.ogg,#11,10.0-12.0s,10.0,12.0,0.9998668432235718,0.002696335278087547,0.40219697755497474
HUMAN,v_audio.ogg,#12,11.0-13.0s,11.0,13.0,0.9998787641525269,0.0027925394319562313,0.45361666137747947
HUMAN,v_audio.ogg,#13,12.0-14.0s,12.0,14.0,0.99994957447052,0.004691548172695459,0.4101003076040974
HUMAN,v_audio.ogg,#14,13.0-15.0s,13.0,15.0,0.9999902248382568,0.003721257472708017,0.41912225847118023
HUMAN,v_audio.ogg,#15,14.0-16.0s,14.0,16.0,0.9998364448547363,0.004516837250343908,0.4144449147926339
HUMAN,v_audio.ogg,#16,15.0-17.0s,15.0,17.0,0.9988436698913574,0.005748092242482183,0.4029020434212766
HUMAN,v_audio.ogg,#17,16.0-18.0s,16.0,18.0,0.999725878238678,0.2888416165489074,0.4029020434212766
HUMAN,v_audio.ogg,#18,17.0-19.0s,17.0,19.0,0.9998804330825806,0.1094104913858186,0.4029020434212766
HUMAN,v_audio.ogg,#19,18.0-20.0s,18.0,20.0,0.999616265296936,0.0033197242560283335,0.4030884278201637
HUMAN,v_audio.ogg,#20,19.0-21.0s,19.0,21.0,0.9995682835578918,0.0025977176663045665,0.4030884278201637
HUMAN,v_audio.ogg,#21,20.0-22.0s,20.0,22.0,0.9954543113708496,0.0033120212605440846,0.4030884278201637
HUMAN,v_audio.ogg,#22,21.0-23.0s,21.0,23.0,0.9947429895401001,0.2928376701252411,0.42061850306706716
HUMAN,v_audio.ogg,#23,22.0-24.0s,22.0,24.0,0.998244047164917,0.20361638105866542,0.4135024298427556
HUMAN,v_audio.ogg,#24,23.0-25.0s,23.0,25.0,0.999772846698761,0.010717736732718364,0.504023176184816
HUMAN,v_audio.ogg,#25,24.0-26.0s,24.0,26.0,0.9999512434005737,0.002774907593029452,0.40219697755497474
HUMAN,v_audio.ogg,#26,25.0-27.0s,25.0,27.0,0.9999353885650635,0.0036258321038414865,0.4030884278201637
HUMAN,v_audio.ogg,#27,26.0-28.0s,26.0,28.0,0.9997894167900085,0.007709465532876436,0.4029020434212766
HUMAN,v_audio.ogg,#28,27.0-29.0s,27.0,29.0,0.9995394945144653,0.0027910160349812196,0.4030884278201637
HUMAN,v_audio.ogg,#29,28.0-30.0s,28.0,30.0,0.999413013458252,0.0027910160349812196,0.40219697755497474
HUMAN,v_audio.ogg,#30,29.0-31.0s,29.0,31.0,0.9981497526168823,0.003389149615870113,0.40219697755497474
HUMAN,v_audio.ogg,#31,30.0-32.0s,30.0,32.0,0.9991303086280823,0.06793105789841947,0.4029020434212766
HUMAN,v_audio.ogg,#32,31.0-33.0s,31.0,33.0,0.998457670211792,0.006944746276220326,0.4029020434212766
HUMAN,v_audio.ogg,#33,32.0-34.0s,32.0,34.0,0.9994400143623352,0.0023322059038017873,0.41354574929191795
HUMAN,v_audio.ogg,#34,33.0-35.0s,33.0,35.0,0.9990052580833435,0.002593839582102131,0.4077541899414896
HUMAN,v_audio.ogg,#35,34.0-36.0s,34.0,36.0,0.998396098613739,0.0025044635295464746,0.4030884278201637
HUMAN,v_audio.ogg,#36,35.0-37.0s,35.0,37.0,0.9996497631072998,0.009404895933529778,0.4029020434212766
HUMAN,v_audio.ogg,#37,36.0-38.0s,36.0,38.0,0.9999138116836548,0.01384124234171924,0.45434335901048567
HUMAN,v_audio.ogg,#38,37.0-39.0s,37.0,39.0,0.9999344348907471,0.0023516181271904246,0.41354574929191795
HUMAN,v_audio.ogg,#39,38.0-40.0s,38.0,40.0,0.9996566772460938,0.003103081974421551,0.4030884278201637
HUMAN,v_audio.ogg,#40,39.0-41.0s,39.0,41.0,0.9999439716339111,0.002844706259736096,0.4030884278201637
HUMAN,v_audio.ogg,#41,40.0-42.0s,40.0,42.0,0.9998403787612915,0.14775435557835892,0.4029020434212766
HUMAN,v_audio.ogg,#42,41.0-43.0s,41.0,43.0,0.9992353916168213,0.11184571925982678,0.4275768960560719
HUMAN,v_audio.ogg,#43,42.0-44.0s,42.0,44.0,0.9986592531204224,0.15872271415257744,0.4029020434212766
HUMAN,v_audio.ogg,#44,43.0-45.0s,43.0,45.0,0.9969969987869263,0.30678914901956256,0.446935160022994
HUMAN,v_audio.ogg,#45,44.0-46.0s,44.0,46.0,0.9984381794929504,0.13306047331313697,0.40215403169985137
HUMAN,v_audio.ogg,#46,45.0-47.0s,45.0,47.0,0.9999439716339111,0.026089703843647838,0.4029020434212766
HUMAN,v_audio.ogg,#47,46.0-48.0s,46.0,48.0,0.999405026435852,0.0023174738141199525,0.4144449147926339
SYNTHETIC,synthetic.wav,#1,0.0-2.0s,0.0,2.0,0.9999998807907104,0.00466193225892475,0.47131663401879537
SYNTHETIC,synthetic.wav,#2,1.0-3.0s,1.0,3.0,0.9999998807907104,0.00466193225892475,0.47131663401879537
SYNTHETIC,synthetic.wav,#3,2.0-4.0s,2.0,4.0,1.0,0.00466193225892475,0.47131663401879537
SYNTHETIC,synthetic.wav,#4,3.0-5.0s,3.0,5.0,1.0,0.00466193225892475,0.47131663401879537
SYNTHETIC,synthetic.wav,#5,4.0-6.0s,4.0,6.0,0.9999994039535522,0.00466193225892475,0.47131663401879537
SYNTHETIC,synthetic_cloned.ogg,#1,0.0-2.0s,0.0,2.0,0.00044631108175963163,0.9609815995293738,0.3800515503005872
SYNTHETIC,synthetic_cloned.ogg,#2,1.0-3.0s,1.0,3.0,0.9948241710662842,0.09860111926738668,0.41876161961996855
SYNTHETIC,synthetic_cloned.ogg,#3,2.0-4.0s,2.0,4.0,0.9995444416999817,0.003965193799696842,0.4328829713798527
SYNTHETIC,synthetic_cloned.ogg,#4,3.0-5.0s,3.0,5.0,0.9999597072601318,0.004280084392852768,0.5462774622449015
SYNTHETIC,synthetic_cloned.ogg,#5,4.0-6.0s,4.0,6.0,0.9999467134475708,0.00422508939053734,0.46402831904316577
SYNTHETIC,synthetic_cloned.ogg,#6,5.0-7.0s,5.0,7.0,0.9998992681503296,0.004784100533439806,0.46475750848540925
SYNTHETIC,synthetic_cloned.ogg,#7,6.0-8.0s,6.0,8.0,0.9999022483825684,0.008236935744471596,0.5344751915468625
SYNTHETIC,synthetic_cloned.ogg,#8,7.0-9.0s,7.0,9.0,0.999951958656311,0.0046211058987493114,0.4308641223009043
SYNTHETIC,synthetic_cloned.ogg,#9,8.0-10.0s,8.0,10.0,0.9998747110366821,0.002603149334181931,0.4081202282807972
SYNTHETIC,synthetic_cloned.ogg,#10,9.0-11.0s,9.0,11.0,0.9999581575393677,0.1996799521794146,0.5348542552695649
SYNTHETIC,synthetic_cloned.ogg,#11,10.0-12.0s,10.0,12.0,0.9963763356208801,0.29486373081157136,0.5344676751953624
SYNTHETIC,synthetic_cloned.ogg,#12,11.0-13.0s,11.0,13.0,0.9998433589935303,0.4365499248947593,0.5743206182652449
SYNTHETIC,synthetic_cloned.ogg,#13,12.0-14.0s,12.0,14.0,0.9999086856842041,0.00858840646639758,0.5417565910159985
SYNTHETIC,synthetic_cloned.ogg,#14,13.0-15.0s,13.0,15.0,0.9986357092857361,0.0023516181271904246,0.4444538559056026
SYNTHETIC,synthetic_cloned.ogg,#15,14.0-16.0s,14.0,16.0,0.9811727404594421,0.002451585944385437,0.4215775693810177
SYNTHETIC,synthetic_cloned.ogg,#16,15.0-17.0s,15.0,17.0,0.9977858066558838,0.002451585944385437,0.4277665175590839
SYNTHETIC,synthetic_cloned.ogg,#17,16.0-18.0s,16.0,18.0,0.9999749660491943,0.0026129964221961455,0.40219697755497474
SYNTHETIC,synthetic_cloned.ogg,#18,17.0-19.0s,17.0,19.0,0.9999330043792725,0.007263854414001569,0.40219697755497474
SYNTHETIC,synthetic_cloned.ogg,#19,18.0-20.0s,18.0,20.0,0.9999799728393555,0.6634776152416346,0.522913524131706
SYNTHETIC,synthetic_cloned.ogg,#20,19.0-21.0s,19.0,21.0,0.9986892342567444,0.9702688950554957,0.522913524131706
SYNTHETIC,synthetic_cloned.ogg,#21,20.0-22.0s,20.0,22.0,0.9616014361381531,0.002327774940780958,0.4845024173554614
SYNTHETIC,synthetic_cloned.ogg,#22,21.0-23.0s,21.0,23.0,0.9964392781257629,0.0028199101580459462,0.4268595190906689
SYNTHETIC,synthetic_cloned.ogg,#23,22.0-24.0s,22.0,24.0,0.9995110034942627,0.0028199101580459462,0.40219697755497474
SYNTHETIC,synthetic_cloned.ogg,#24,23.0-25.0s,23.0,25.0,0.9999349117279053,0.002323414511052113,0.40219697755497474
SYNTHETIC,synthetic_cloned.ogg,#25,24.0-26.0s,24.0,26.0,0.9997262358665466,0.002323414511052113,0.4268595190906689
SYNTHETIC,synthetic_cloned.ogg,#26,25.0-27.0s,25.0,27.0,0.9995343685150146,0.8085976704603816,0.5488147751188678
SYNTHETIC,synthetic_cloned.ogg,#27,26.0-28.0s,26.0,28.0,0.44870853424072266,0.1254964903392961,0.5216357260444444
SYNTHETIC,synthetic_cloned.ogg,#28,27.0-29.0s,27.0,29.0,0.9990367889404297,0.002451585944385437,0.40219697755497474
SYNTHETIC,synthetic_cloned.ogg,#29,28.0-30.0s,28.0,30.0,0.9987590312957764,0.06213729218362518,0.5366252900601446
SYNTHETIC,synthetic_cloned.ogg,#30,29.0-31.0s,29.0,31.0,0.999661922454834,0.07919437535847451,0.5401356405825176
SYNTHETIC,synthetic_cloned.ogg,#31,30.0-32.0s,30.0,32.0,0.9719099402427673,0.009853220274617547,0.49544893492895964
SYNTHETIC,synthetic_cloned.ogg,#32,31.0-33.0s,31.0,33.0,0.9975341558456421,0.01520584712308004,0.5409961284930719
SYNTHETIC,synthetic_cloned.ogg,#33,32.0-34.0s,32.0,34.0,0.9401805996894836,0.008039456774983855,0.5097840895265322
SYNTHETIC,synthetic_cloned.ogg,#34,33.0-35.0s,33.0,35.0,0.9984006285667419,0.0025557637225026575,0.4328829713798527
SYNTHETIC,synthetic_cloned.ogg,#35,34.0-36.0s,34.0,36.0,0.9998736381530762,0.0028807090857858597,0.40219697755497474
WHATSAPP,real_whatsapp.ogg,#1,0.0-2.0s,0.0,2.0,0.9954654574394226,0.0077315322128760355,0.38442385127567175
WHATSAPP,real_whatsapp.ogg,#2,1.0-3.0s,1.0,3.0,0.9953566193580627,0.002539079773470232,0.419518845392879
WHATSAPP,real_whatsapp.ogg,#3,2.0-4.0s,2.0,4.0,0.9978125095367432,0.0025650678082094203,0.419518845392879
WHATSAPP,real_whatsapp.ogg,#4,3.0-5.0s,3.0,5.0,0.9996138215065002,0.002371280248684826,0.40219697755497474
WHATSAPP,real_whatsapp.ogg,#5,4.0-6.0s,4.0,6.0,0.9991331696510315,0.002844706259736096,0.419518845392879
WHATSAPP,real_whatsapp.ogg,#6,5.0-7.0s,5.0,7.0,0.9979056119918823,0.0039805218333272,0.4081202282807972
WHATSAPP,real_whatsapp.ogg,#7,6.0-8.0s,6.0,8.0,0.9980416297912598,0.008117364636256452,0.45361666137747947
WHATSAPP,real_whatsapp.ogg,#8,7.0-9.0s,7.0,9.0,0.9999712705612183,0.0027925394319562313,0.419518845392879
WHATSAPP,real_whatsapp.ogg,#9,8.0-10.0s,8.0,10.0,0.9998691082000732,0.0025650678082094203,0.4081202282807972
WHATSAPP,real_whatsapp.ogg,#10,9.0-11.0s,9.0,11.0,0.9999275207519531,0.1169526928292105,0.4608362104291024
WHATSAPP,real_whatsapp.ogg,#11,10.0-12.0s,10.0,12.0,0.999910831451416,0.011874224927025723,0.45361666137747947
WHATSAPP,real_whatsapp.ogg,#12,11.0-13.0s,11.0,13.0,0.9992915391921997,0.002844706259736096,0.41354574929191795
WHATSAPP,real_whatsapp.ogg,#13,12.0-14.0s,12.0,14.0,0.9983891248703003,0.00264230437612889,0.45361666137747947
WHATSAPP,real_whatsapp.ogg,#14,13.0-15.0s,13.0,15.0,0.9970782995223999,0.010173857715317647,0.42075662579230777
WHATSAPP,real_whatsapp.ogg,#15,14.0-16.0s,14.0,16.0,0.9999827146530151,0.008546365387528065,0.47885835383365
WHATSAPP,real_whatsapp.ogg,#16,15.0-17.0s,15.0,17.0,0.9999719858169556,0.002874913364298237,0.40219697755497474
